,bytes,Tama√±o en bytes,Recibido en bytes,tiempo tardado,bw 
0,1,41346,1821,0.0603280067443847,0.0287866452729672
7,2,41346,3998,0.0309200286865234,0.1233113318117327
8,3,41346,5514,0.0204474925994873,0.2571738395345312
15,4,41346,6754,0.0155355930328369,0.4146038274427955
19,5,41346,6810,0.0129401683807373,0.5018885306310455
25,6,41346,1140,0.0104510784149169,0.1040264628721341
29,7,41346,1274,0.0091490745544433,0.1327982488143013
36,8,41346,1400,0.007986307144165,0.167179150371675
38,9,41346,1494,0.0068225860595703,0.2088342186189544
46,10,41346,1660,0.0063288211822509,0.2501412695422866
49,11,41346,1793,0.0056648254394531,0.3018518518518518
55,12,41346,1908,0.0051970481872558,0.3501238645747316
61,13,41346,2028,0.0047769546508789,0.404871231782791
65,14,41346,2160,0.0045356750488281,0.4541631623212784
72,15,41346,2295,0.0042557716369628,0.5142857142857142
73,16,41346,2416,0.0038845539093017,0.593138157490947
80,17,41346,2465,0.003711462020874,0.6333911479411576
86,18,41346,2628,0.0034816265106201,0.719852085187975
90,19,41346,2812,0.0034461021423339,0.7781928877819289
93,20,41346,2920,0.0031979084014892,0.8707969879967196
102,21,41346,3045,0.0030362606048583,0.9564193168433452
103,22,41346,3080,0.0028305053710937,1.0377358490566038
112,23,41346,3289,0.002772569656372,1.131309656892252
117,24,41346,3432,0.0026493072509765,1.2354211663066954
121,25,41346,3525,0.0025420188903808,1.322453573438379
125,26,41346,3666,0.0024635791778564,1.41914255298558
129,27,41346,3807,0.0023629665374755,1.5364746241549794
137,28,41346,3920,0.002387523651123,1.5658078689834232
142,29,41346,4060,0.0022716522216796,1.704450041981528
147,30,41346,4200,0.0021932125091552,1.8262854658115013
148,31,41346,4309,0.0021052360534667,1.9519818799547
156,32,41346,4448,0.0020766258239746,2.042709529276693
158,33,41346,4554,0.0019996166229248,2.171932753070228
163,34,41346,4692,0.0019340515136718,2.3136094674556213
172,35,41346,4725,0.0018961429595947,2.376461712561297
173,36,41346,4896,0.0018422603607177,2.534489452568914
182,37,41346,5069,0.0017979145050048,2.6887680678955044
187,38,41346,5168,0.0017411708831787,2.8306175544296863
192,39,41346,5304,0.0016865730285644,2.9991518235793047
194,40,41346,5440,0.0016889572143554,3.0717108977978542
199,41,41346,5576,0.0016031265258789,3.317073170731707
205,42,41346,5670,0.0015714168548583,3.441055985434684
211,43,41346,5848,0.0016343593597412,3.412399708242159
215,44,41346,5940,0.001514196395874,3.741143127066604
222,45,41346,6075,0.0015265941619873,3.795096048727159
225,46,41346,6026,0.0015585422515869,3.6873183417469786
232,47,41346,6345,0.0014455318450927,4.186046511627907
235,48,41346,6432,0.001361608505249,4.5049903694624405
239,49,41346,6566,0.0014185905456542,4.414117647058824
243,50,41346,6500,0.0013651847839355,4.540691582256375
250,51,41346,6783,0.0013353824615478,4.844134975897161
255,52,41346,6968,0.001296043395996,5.127299484915379
260,53,41346,6890,0.001267671585083,5.183374083129585
266,54,41346,7236,0.0012784004211425,5.39798582618426
272,55,41346,7095,0.0012509822845458,5.408805031446541
277,56,41346,7448,0.0012691020965576,5.596843885027241
279,57,41346,7581,0.0012166500091552,5.94238683127572
286,58,41346,7714,0.0012805461883544,5.744926456898157
288,59,41346,7847,0.0011622905731201,6.438564102564103
296,60,41346,7740,0.0011572837829589,6.378244746600742
299,61,41346,8113,0.0011460781097412,6.75098814229249
306,62,41346,8246,0.0011489391326904,6.844573562979871
311,63,41346,8316,0.0011146068572998,7.115294117647059
314,64,41346,8448,0.001091718673706,7.379777243939725
320,65,41346,8580,0.0011060237884521,7.398146152187971
326,66,41346,8448,0.0010676383972167,7.546225993747209
328,67,41346,8844,0.0010571479797363,7.978349120433018
335,68,41346,8976,0.0010707378387451,7.994655978623914
338,69,41346,9108,0.0010309219360351,8.425531914893616
344,70,41346,9240,0.0009894371032714,8.906024096385542
348,71,41346,9230,0.0009944438934326,8.85159434188444
356,72,41346,9432,0.0009932518005371,9.056168987037926
362,73,41346,9563,0.0009796619415283,9.30932100267705
367,74,41346,9768,0.0009725093841552,9.5788183378279
372,75,41346,9825,0.0009477138519287,9.88679245283019
376,76,41346,9956,0.000939130783081,10.11018024879411
382,77,41346,10087,0.0009272098541259,10.374903574183596
384,78,41346,10218,0.0009176731109619,10.618862042088857
392,79,41346,10349,0.0009102821350097,10.842325825039287
397,80,41346,10480,0.0008883476257324,11.250670960815889
401,81,41346,10611,0.0009245872497558,10.94481691593605
405,82,41346,10742,0.0009284019470214,11.034411915767848
410,83,41346,10873,0.0008940696716308,11.597866666666668
413,84,41346,11004,0.0008809566497802,11.91231393775372
421,85,41346,10965,0.0008625984191894,12.122719734660032
427,86,41346,11266,0.000870943069458,12.336162058581989
430,87,41346,11310,0.0008518695831298,12.661628883291351
437,88,41346,11528,0.0008225440979003,13.365797101449276
442,89,41346,11481,0.0008411407470703,13.017006802721088
443,90,41346,11790,0.0008258819580078,13.61431870669746
449,91,41346,11921,0.0008299350738525,13.698362539500144
453,92,41346,11960,0.0007991790771484,14.272076372315036
459,93,41346,12090,0.0007908344268798,14.57943925233645
463,94,41346,12220,0.0007688999176025,15.15658914728682
471,95,41346,12350,0.0007812976837158,15.07476350320415
477,96,41346,12480,0.0007579326629638,15.70305127398553
478,97,41346,12513,0.000779390335083,15.31110431324564
487,98,41346,12740,0.0007848739624023,15.479951397326852
491,99,41346,12870,0.0007474422454833,16.42105263157895
495,100,41346,13000,0.0007591247558593,16.331658291457288
501,101,41346,13130,0.0007615089416503,16.443331246086412
503,102,41346,13158,0.0007460117340087,16.820709491850433
512,103,41346,13390,0.0007145404815673,17.871204537871204
516,104,41346,13520,0.000739574432373,17.43391360412637
519,105,41346,13545,0.0007121562957763,18.13860060261132
524,106,41346,13780,0.0006992816925048,18.793044664166384
532,107,41346,13910,0.0007050037384033,18.816367940480216
534,108,41346,13932,0.0006964206695556,19.07839780896953
541,109,41346,14170,0.0007038116455078,19.20054200542005
547,110,41346,14190,0.0006780624389648,19.957805907173
549,111,41346,14430,0.0006818771362304,20.181818181818183
553,112,41346,14448,0.0006773471832275,20.342133051742344
561,113,41346,14464,0.0006735324859619,20.48
565,114,41346,14592,0.0006656646728515,20.9054441260745
568,115,41346,14950,0.0006566047668457,21.713870733478576
574,116,41346,15080,0.0007376670837402,19.49579831932773
578,117,41346,14976,0.0006124973297119,23.318022576878164
583,118,41346,15222,0.0006544589996337,22.181420765027323
588,119,41346,15113,0.000615119934082,23.431007751937983
594,120,41346,15240,0.000626802444458,23.187523773297837
602,121,41346,15609,0.0005981922149658,24.88481466719809
605,122,41346,15738,0.0006043910980224,24.83313609467456
608,123,41346,15867,0.0006074905395507,24.90894819466248
617,124,41346,16120,0.0006461143493652,23.793357933579337
619,125,41346,16125,0.0006396770477294,24.040253447633248
624,126,41346,16254,0.0005812644958496,26.667760459392944
629,127,41346,16256,0.0005981922149658,25.916301315265045
636,128,41346,16384,0.0006043910980224,25.852465483234717
638,129,41346,16512,0.0005981922149658,26.3244320446393
647,130,41346,16770,0.0006461143493652,24.75276752767528
651,131,41346,16899,0.0005662441253662,28.461473684210528
657,132,41346,16764,0.0005774497985839,27.68620974401321
658,133,41346,17157,0.0006067752838134,26.96581532416503
665,134,41346,17152,0.0005576610565185,29.332193244976487
671,135,41346,17415,0.0005531311035156,30.02586206896552
673,136,41346,17544,0.0005555152893066,30.11845493562232
682,137,41346,17673,0.0005357265472412,31.460614152202936
685,138,41346,17664,0.0005824565887451,28.92181743757675
691,139,41346,17931,0.0005450248718261,31.3753280839895
694,140,41346,17920,0.0005364418029785,31.857777777777777
702,141,41346,18048,0.0005688667297363,30.25649622799665
703,142,41346,18318,0.0005781650543212,30.21525773195876
709,143,41346,18447,0.0005550384521484,31.695876288659797
714,144,41346,18576,0.0005714893341064,30.99874843554443
719,145,41346,18705,0.0005421638488769,32.9023746701847
725,146,41346,18834,0.0005314350128173,33.79811574697174
732,147,41346,18963,0.0005276203155517,34.27564392227745
737,148,41346,19092,0.0005178451538085,35.16022099447514
738,149,41346,19221,0.0005691051483154,32.20946795140343
744,150,41346,19200,0.0005269050598144,34.751131221719454
751,151,41346,19479,0.0005285739898681,35.1447902571042
756,152,41346,19456,0.0005326271057128,34.83616830796777
759,153,41346,19737,0.000514268875122,36.60083449235049
767,154,41346,19866,0.0005135536193847,36.891364902506965
770,155,41346,19995,0.0005452632904052,34.971578487101006
775,156,41346,20124,0.0005533695220947,34.68160275743214
780,157,41346,20096,0.0005066394805908,37.82776470588235
786,158,41346,20382,0.0005388259887695,36.07433628318584
788,159,41346,20193,0.0004999637603759,38.51788268955651
797,160,41346,20640,0.0005302429199218,37.12230215827338
799,161,41346,20769,0.0005054473876953,39.18679245283019
807,162,41346,20736,0.0004932880401611,40.08893185113581
810,163,41346,20864,0.0004866123199462,40.88975992160706
817,164,41346,21156,0.0005075931549072,39.7482386096759
822,165,41346,20955,0.0005199909210205,38.43191196698762
823,166,41346,21248,0.0004975795745849,40.72448490656445
829,167,41346,21543,0.000497817993164,41.270114942528735
833,168,41346,21672,0.0005228519439697,39.52941176470589
840,169,41346,21801,0.0004963874816894,41.88472622478386
846,170,41346,21930,0.000493049621582,42.41779497098646
850,171,41346,22059,0.0004806518554687,43.767857142857146
854,172,41346,22188,0.0004756450653076,44.48721804511278
858,173,41346,22317,0.0004563331604003,46.63949843260188
866,174,41346,22446,0.0004494190216064,47.63076923076923
868,175,41346,22575,0.0005364418029785,40.13333333333333
874,176,41346,22704,0.0004744529724121,45.63618090452261
880,177,41346,22833,0.0004727840423583,46.05748865355522
883,178,41346,22962,0.0004675388336181,46.83732789393167
891,179,41346,22912,0.0004606246948242,47.43685300207039
894,180,41346,23220,0.0004944801330566,44.78302796528448
900,181,41346,23168,0.000446081161499,49.53073222875468
904,182,41346,23478,0.0004529953002929,49.42736842105264
909,183,41346,23595,0.0004663467407226,48.25153374233129
915,184,41346,23736,0.0004339218139648,52.167032967032966
921,185,41346,23865,0.0004365444183349,52.13544511196068
926,186,41346,23622,0.0004632472991943,48.62995367987648
932,187,41346,23936,0.0004267692565917,53.48826815642458
937,188,41346,24252,0.0004801750183105,48.166832174776566
939,189,41346,24003,0.0004305839538574,53.16279069767442
944,190,41346,24510,0.0004189014434814,55.79965850882186
950,191,41346,24639,0.0004894733428955,48.00584510472479
954,192,41346,24768,0.0004730224609375,49.935483870967744
959,193,41346,24897,0.0004177093505859,56.842465753424655
964,194,41346,25026,0.0004205703735351,56.74829931972789
968,195,41346,25155,0.0004286766052246,55.96218020022247
975,196,41346,25284,0.0004498958587646,53.59618441971383
981,197,41346,25216,0.0004303455352783,55.8803324099723
983,198,41346,25542,0.0004127025604248,59.02253032928943
989,199,41346,25671,0.0004305839538574,56.85714285714285
996,200,41346,25800,0.0004332065582275,56.79691799669785
1000,201,41346,25929,0.0004398822784423,56.21463414634146
1005,202,41346,26058,0.0004434585571289,56.03870967741936
1009,203,41346,26187,0.0004103183746337,60.86461359674608
1014,204,41346,26316,0.0004079341888427,61.5219170075979
1020,205,41346,26445,0.0004088878631591,61.67930029154519
1025,206,41346,26574,0.0004079341888427,62.125073056692
1028,207,41346,26703,0.0004236698150634,60.10804727068092
1033,208,41346,26624,0.0004258155822753,59.62821948488242
1039,209,41346,26752,0.0004127025604248,61.81860196418256
1043,210,41346,27090,0.0004079341888427,63.33138515488019
1048,211,41346,27219,0.0004134178161621,62.78892733564014
1053,212,41346,27348,0.0003933906555175,66.29818181818182
1058,213,41346,27477,0.0004217624664306,62.13001695873375
1066,214,41346,27606,0.0003812313079833,69.05816135084427
1072,215,41346,27520,0.0004208087921142,62.36827195467422
1073,216,41346,27648,0.0004534721374511,58.14511041009464
1082,217,41346,27993,0.0004224777221679,63.18961625282167
1083,218,41346,27904,0.0004060268402099,65.54081033470347
1092,219,41346,28251,0.0003895759582519,69.15789473684211
1097,220,41346,28160,0.0004138946533203,64.88479262672811
1100,221,41346,28288,0.0003876686096191,69.58917589175891
1103,222,41346,28416,0.0003836154937744,70.64263517712865
1112,223,41346,28767,0.0003740787506103,73.33843212237093
1115,224,41346,28896,0.000373363494873,73.80842911877394
1122,225,41346,28800,0.0003740787506103,73.4225621414914
1126,226,41346,28702,0.0003809928894042,71.84480600750939
1132,227,41346,29283,0.0003962516784667,70.47653429602889
1137,228,41346,29412,0.0003712177276611,75.5606936416185
1138,229,41346,29312,0.0003798007965087,73.60200878844947
1143,230,41346,29670,0.0003612041473388,78.33663366336634
1150,231,41346,29799,0.0003974437713623,71.50329934013197
1153,232,41346,29696,0.0004043579101562,70.0377358490566
1161,233,41346,29824,0.0004003047943115,71.05181655747468
1166,234,41346,29952,0.0004196166992187,68.07272727272728
1168,235,41346,30080,0.0003955364227294,72.52561784207354
1174,236,41346,30444,0.0004034042358398,71.97163120567376
1181,237,41346,30573,0.0003893375396728,74.88793631353337
1185,238,41346,30702,0.0004212856292724,69.50084889643463
1188,239,41346,30592,0.0003814697265625,76.48
1194,240,41346,30960,0.0004088878631591,72.20991253644316
1200,241,41346,31089,0.0003890991210937,76.19852941176471
1207,242,41346,31218,0.0003800392150878,78.3387703889586
1210,243,41346,31104,0.0003957748413085,74.94939759036144
1215,244,41346,31232,0.0003700256347656,80.49484536082474
1219,245,41346,31605,0.0003969669342041,75.92792792792793
1224,246,41346,31734,0.000380516052246,79.53383458646617
1231,250,41346,32250,0.0003643035888671,84.42408376963351
1236,260,41346,33280,0.0003566741943359,88.98395721925134
1240,270,41346,34830,0.0003871917724609,85.78817733990148
1244,280,41346,35560,0.0003478527069091,97.49143248800549
1249,290,41346,37410,0.0003383159637451,105.45454545454544
1256,300,41346,38400,0.0003457069396972,105.93103448275862
1257,310,41346,39680,0.0003299713134765,114.6820809248555
1263,320,41346,41346,0.0003242492675781,121.60588235294118
1267,330,41346,41346,0.000335693359375,117.46022727272728
1272,340,41346,41346,0.0003066062927246,128.60342146189737
1278,350,41346,41346,0.0003039836883544,129.7129411764706
1280,350,41346,41346,0.0003039836883544,129.7129411764706
1286,360,41346,41346,0.0003154277801513,125.00680272108843
1287,370,41346,41346,0.0002849102020263,138.39665271966527
1294,380,41346,41346,0.0002961158752441,133.15942028985506
1298,390,41346,41346,0.0002849102020263,138.39665271966527
1305,400,41346,41346,0.000277042388916,142.32702237521514
1310,410,41346,41346,0.0002796649932861,140.9923273657289
1312,420,41346,41346,0.0002837181091308,138.9781512605042
1319,430,41346,41346,0.0002675056457519,147.40106951871658
1326,440,41346,41346,0.0002582073211669,152.70914127423822
1328,450,41346,41346,0.0002596378326416,151.86776859504133
1336,460,41346,41346,0.000303030014038,130.12116443745083
1337,470,41346,41346,0.0002689361572265,146.61702127659575
1344,480,41346,41346,0.0002703666687011,145.84126984126985
1350,490,41346,41346,0.0002777576446533,141.96051502145923
1354,500,41346,41346,0.0002455711364746,160.56699029126213
1359,510,41346,41346,0.0002436637878417,161.8238747553816
1362,520,41346,41346,0.0002565383911132,153.70260223048328
1371,530,41346,41346,0.0002410411834716,163.5845697329377
1375,540,41346,41346,0.0002546310424804,154.85393258426967
1379,550,41346,41346,0.0002343654632568,168.2441505595117
1386,560,41346,41346,0.0002360343933105,167.05454545454546
1391,570,41346,41346,0.0002620220184326,150.48589626933577
1392,580,41346,41346,0.0002319812774658,169.9732785200411
1397,590,41346,41346,0.0002250671386718,175.1949152542373
1403,600,41346,41346,0.0002589225769042,152.28729281767957
1411,610,41346,41346,0.0002257823944091,174.63991552270326
1415,620,41346,41346,0.0002162456512451,182.34178610804847
1417,630,41346,41346,0.000213623046875,184.58035714285717
1422,640,41346,41346,0.0002121925354003,185.8247191011236
1430,650,41346,41346,0.0002202987670898,178.98701298701295
1433,660,41346,41346,0.0002295970916748,171.73831775700936
1441,670,41346,41346,0.0002338886260986,168.58715596330276
1445,680,41346,41346,0.0002241134643554,175.94042553191488
1449,690,41346,41346,0.0002198219299316,179.37527114967463
1454,700,41346,41346,0.0002167224884033,181.94059405940595
1457,710,41346,41346,0.0002243518829345,175.75345377258236
1462,720,41346,41346,0.0002121925354003,185.8247191011236
1471,730,41346,41346,0.0002036094665527,193.65807962529277
1475,740,41346,41346,0.0002088546752929,188.7945205479452
1478,750,41346,41346,0.0002086162567138,189.0102857142857
1485,760,41346,41346,0.0001997947692871,197.35560859188544
1487,770,41346,41346,0.0002036094665527,193.65807962529277
1494,780,41346,41346,0.0002057552337646,191.63847045191196
1497,790,41346,41346,0.0002005100250244,196.6516052318668
1505,800,41346,41346,0.0002093315124511,188.36446469248293
1507,810,41346,41346,0.0001986026763916,198.54021608643455
1514,820,41346,41346,0.0002055168151855,191.86078886310904
1519,830,41346,41346,0.0001978874206542,199.2578313253012
1522,840,41346,41346,0.0001971721649169,199.9806529625151
1527,850,41346,41346,0.0002391338348388,164.88933200398805
1533,860,41346,41346,0.0001914501190185,205.95765877957655
1537,870,41346,41346,0.0001885890960693,209.08217446270544
1546,880,41346,41346,0.000187873840332,209.87817258883248
1549,890,41346,41346,0.0001940727233886,203.1744471744472
1555,900,41346,41346,0.0001957416534423,201.442143727162
1559,910,41346,41346,0.0001866817474365,211.2183908045977
1562,920,41346,41346,0.0001897811889648,207.76884422110552
1570,930,41346,41346,0.0001869201660156,210.94897959183675
1574,940,41346,41346,0.0002331733703613,169.1042944785276
1580,950,41346,41346,0.0001795291900634,219.63346613545815
1582,960,41346,41346,0.0001928806304931,204.4301606922126
1590,970,41346,41346,0.0001881122589111,209.61216730038024
1593,980,41346,41346,0.0001828670501708,215.6245110821382
1598,990,41346,41346,0.0001821517944335,216.4712041884817
1605,1000,41346,41346,0.0001900196075439,207.50815558343788
1609,1010,41346,41346,0.0001900196075439,207.50815558343788
1615,1020,41346,41346,0.0001990795135498,198.06467065868264
1617,1030,41346,41346,0.0001993179321289,197.82775119617224
1625,1040,41346,41346,0.0002167224884033,181.94059405940595
1629,1050,41346,41346,0.0001969337463378,200.2227602905569
1635,1060,41346,41346,0.0001792907714843,219.9255319148936
1640,1070,41346,41346,0.0001833438873291,215.06371911573476
1642,1080,41346,41346,0.0001897811889648,207.76884422110552
1649,1090,41346,41346,0.0001766681671142,223.1902834008097
1655,1100,41346,41346,0.0001873970031738,210.412213740458
1660,1110,41346,41346,0.0001857280731201,212.30295250320924
1663,1120,41346,41346,0.00018310546875,215.34375
1667,1130,41346,41346,0.0001945495605468,202.6764705882353
1675,1140,41346,41346,0.0001833438873291,215.06371911573476
1679,1150,41346,41346,0.0001864433288574,211.48849104859332
1685,1160,41346,41346,0.0001847743988037,213.39870967741936
1689,1170,41346,41346,0.0002000331878662,197.12038140643625
1692,1180,41346,41346,0.0001833438873291,215.06371911573476
1701,1190,41346,41346,0.0001797676086425,219.342175066313
1702,1200,41346,41346,0.0001735687255859,227.17582417582415
1710,1210,41346,41346,0.0001769065856933,222.88948787061997
1715,1220,41346,41346,0.0001752376556396,225.0122448979592
1717,1230,41346,41346,0.0001709461212158,230.6610878661088
1725,1240,41346,41346,0.0001900196075439,207.50815558343788
1729,1250,41346,41346,0.0001807212829589,218.18469656992085
1736,1260,41346,41346,0.0001664161682128,236.93982808022923
1740,1270,41346,41346,0.000176191329956,223.79431664411368
1743,1280,41346,41346,0.0001759529113769,224.09756097560972
1748,1290,41346,41346,0.0001895427703857,208.03018867924527
1756,1300,41346,41346,0.0001788139343261,220.512
1761,1310,41346,41346,0.0001802444458007,218.7619047619048
1765,1320,41346,41346,0.0001873970031738,210.412213740458
1770,1330,41346,41346,0.0002093315124511,188.36446469248293
1772,1340,41346,41346,0.0001654624938964,238.3054755043228
1781,1350,41346,41346,0.000176191329956,223.79431664411368
1782,1360,41346,41346,0.0002086162567138,189.0102857142857
1789,1370,41346,41346,0.0001718997955322,229.38141470180304
1792,1380,41346,41346,0.0001869201660156,210.94897959183675
1801,1390,41346,41346,0.0001666545867919,236.60085836909872
1806,1400,41346,41346,0.0001642704010009,240.03483309143687
1811,1410,41346,41346,0.0001647472381591,239.34008683068015
1813,1420,41346,41346,0.0001759529113769,224.09756097560972
1820,1430,41346,41346,0.0001697540283203,232.2808988764045
1822,1440,41346,41346,0.0001718997955322,229.38141470180304
1831,1450,41346,41346,0.000173807144165,226.8641975308642
1832,1460,41346,41346,0.0001842975616455,213.9508408796895
1836,1470,41346,23706,0.0002062320709228,109.62312138728323
1845,1480,41346,41346,0.0002031326293945,194.112676056338
1849,1490,41346,41346,0.0001764297485351,223.4918918918919
1851,1500,41346,41346,0.0001955032348632,201.6878048780488
1860,1510,41346,41346,0.0002424716949462,162.61946902654867
1863,1520,41346,41346,0.0001773834228515,222.29032258064515
1867,1530,41346,41346,0.0001718997955322,229.38141470180304
1873,1540,41346,39806,0.0001852512359619,204.92149292149293
1876,1550,41346,41346,0.0001747608184814,225.6261937244202
1880,1560,41346,31986,0.0001873970031738,162.77862595419847
1885,1570,41346,41346,0.0002768039703369,142.4496124031008
1892,1580,41346,41346,0.0001893043518066,208.29219143576827
1899,1590,41346,41346,0.0001759529113769,224.09756097560972
1904,1600,41346,41346,0.0001804828643798,218.47291941875827
1905,1610,41346,33296,0.0002048015594482,155.0454016298021
1912,1620,41346,41346,0.0001864433288574,211.48849104859332
1915,1630,41346,41346,0.0001816749572753,217.03937007874012
1924,1640,41346,34786,0.0001811981201171,183.0842105263158
1928,1650,41346,41346,0.0002014636993408,195.7207100591716
1931,1660,41346,41346,0.0001740455627441,226.55342465753424
1936,1670,41346,39676,0.0001962184906005,192.8359659781288
1941,1680,41346,41346,0.0001802444458007,218.7619047619048
1947,1690,41346,41346,0.0001699924468994,231.95511921458623
1954,1700,41346,41346,0.0001771450042724,222.58950201884247
1959,1710,41346,32796,0.0001730918884277,180.69421487603304
1962,1720,41346,37906,0.0001988410949707,181.80335731414868
1966,1730,41346,41346,0.0001826286315917,215.9060052219321
1972,1740,41346,41346,0.00018310546875,215.34375
1977,1750,41346,41346,0.0001833438873291,215.06371911573476
1984,1760,41346,41346,0.0001740455627441,226.55342465753424
1989,1770,41346,41346,0.0001697540283203,232.2808988764045
1990,1780,41346,41346,0.0002150535583496,183.35254988913525
1995,1790,41346,34186,0.0001754760742187,185.7934782608696
2003,1800,41346,41346,0.0001771450042724,222.58950201884247
2006,1810,41346,41346,0.0001823902130126,216.18823529411765
2011,1820,41346,41346,0.0001637935638427,240.73362445414847
2018,1830,41346,34026,0.0001821517944335,178.14659685863873
2020,1840,41346,41346,0.000173807144165,226.8641975308642
2026,1850,41346,41346,0.0001683235168457,234.2549575070821
2033,1860,41346,41346,0.0001699924468994,231.95511921458623
2037,1870,41346,41346,0.0001606941223144,245.37685459940653
2040,1880,41346,41346,0.0001852512359619,212.84942084942085
2048,1890,41346,41346,0.0001518726348876,259.62951334379903
2053,1900,41346,41346,0.0001604557037353,245.74145616641903
2058,1910,41346,41346,0.0001749992370605,225.31880108991825
2062,1920,41346,39426,0.0001676082611083,224.33001422475107
2067,1930,41346,41346,0.0002093315124511,188.36446469248293
2071,1940,41346,39406,0.000173807144165,216.2194787379973
2075,1950,41346,41346,0.0001938343048095,203.42435424354244
2081,1960,41346,39200,0.0001721382141113,217.17451523545705
2088,1970,41346,41346,0.0001773834228515,222.29032258064515
2094,1980,41346,41346,0.0001606941223144,245.37685459940653
2099,1990,41346,39800,0.0001642704010009,231.05950653120465
2100,2000,41346,41346,0.0001556873321533,253.2679938744257
2108,2010,41346,41346,0.0001838207244873,214.5058365758755
2113,2020,41346,41346,0.000173807144165,226.8641975308642
2115,2030,41346,39316,0.0002131462097167,175.91051454138702
2124,2040,41346,41346,0.000166893005371,236.26285714285717
2128,2050,41346,33146,0.0001735687255859,182.12087912087912
2133,2060,41346,41346,0.0001733303070068,227.48830811554333
2137,2070,41346,26910,0.0001609325408935,159.46666666666667
2144,2080,41346,41346,0.0001676082611083,235.25462304409672
2145,2090,41346,41346,0.0001657009124755,237.96258992805755
2151,2100,41346,41346,0.0001637935638427,240.73362445414847
2156,2110,41346,41346,0.0001933574676513,203.9260172626387
2162,2120,41346,41346,0.0001776218414306,221.99194630872483
2166,2130,41346,41346,0.0002481937408447,158.87031700288185
2174,2140,41346,41346,0.0001907348632812,206.73
2178,2150,41346,41346,0.0001900196075439,207.50815558343788
2180,2160,41346,41346,0.0001881122589111,209.61216730038024
2187,2170,41346,39176,0.0001676082611083,222.90753911806544
2193,2180,41346,34880,0.0001845359802246,180.2583979328165
2196,2190,41346,32850,0.0001606941223144,194.95548961424333
2201,2200,41346,30800,0.0002074241638183,141.60919540229884
2209,2210,41346,41346,0.0001845359802246,213.67441860465115
2213,2220,41346,30246,0.0001575946807861,183.03177004538577
2219,2230,41346,39116,0.0001604557037353,232.4873699851412
2220,2240,41346,41346,0.0001823902130126,216.18823529411765
2225,2250,41346,41346,0.0001606941223144,245.37685459940653
2230,2260,41346,34566,0.0001628398895263,202.4363103953148
2238,2270,41346,41346,0.0001575946807861,250.20272314674736
2241,2280,41346,41346,0.0001790523529052,220.21837549933423
2248,2290,41346,32186,0.0001840591430664,166.76683937823833
2254,2300,41346,41346,0.0001564025878906,252.109756097561
2259,2310,41346,41346,0.0001556873321533,253.2679938744257
2261,2320,41346,41346,0.0001614093780517,244.28951255539144
2266,2330,41346,41346,0.0001718997955322,229.38141470180304
2270,2340,41346,32760,0.0001602172851562,195.0
2277,2350,41346,41346,0.0001516342163085,260.0377358490566
2283,2360,41346,36626,0.0001635551452636,213.56268221574345
2289,2370,41346,38976,0.000176191329956,210.96617050067655
2293,2380,41346,41346,0.0001552104949951,254.04608294930875
2296,2390,41346,41346,0.0001602172851562,246.1071428571429
2304,2400,41346,41346,0.0001575946807861,250.20272314674736
2309,2410,41346,38936,0.0001523494720458,243.73082942097025
2310,2420,41346,36506,0.0001680850982666,207.12624113475175
2318,2430,41346,36486,0.0001513957977294,229.83307086614167
2320,2440,41346,41346,0.0001866817474365,211.2183908045977
2326,2450,41346,41346,0.0001623630523681,242.8546255506608
2331,2460,41346,39360,0.0001749992370605,214.4959128065395
2338,2470,41346,41346,0.0001657009124755,237.96258992805755
2341,2480,41346,41346,0.0001592636108398,247.5808383233533
2345,2490,41346,41346,0.0001626014709472,242.49853372434015
2352,2500,41346,41346,0.0001716613769531,229.7
2356,2510,41346,41346,0.0001642704010009,240.03483309143687
2361,2520,41346,38826,0.0001707077026367,216.9050279329609
2366,2530,41346,41346,0.000150442123413,262.0982567353407
2372,2540,41346,38806,0.0001866817474365,198.242656449553
2378,2550,41346,41346,0.0001609325408935,245.0133333333333
2380,2560,41346,33666,0.0001554489135742,206.53987730061348
2386,2570,41346,41346,0.0001580715179443,249.44796380090497
2393,2580,41346,41346,0.0001680850982666,234.5872340425532
2396,2590,41346,41346,0.0001718997955322,229.38141470180304
2400,2600,41346,41346,0.0001475811004638,267.1793214862682
2408,2610,41346,41346,0.0001907348632812,206.73
2412,2620,41346,41346,0.0001688003540039,233.59322033898303
2415,2630,41346,36820,0.0001611709594726,217.8698224852071
2420,2640,41346,31680,0.0001611709594726,187.45562130177515
2429,2650,41346,34450,0.0001671314239501,196.57631954350927
2430,2660,41346,41346,0.0001847743988037,213.39870967741936
2439,2670,41346,41346,0.0001583099365234,249.0722891566265
2444,2680,41346,41346,0.000171422958374,230.01947148817803
2445,2690,41346,41346,0.0001618862152099,243.56995581737849
2454,2700,41346,41346,0.0001742839813232,226.2435020519836
2455,2710,41346,41346,0.0001780986785888,221.3975903614458
2464,2720,41346,41346,0.0001599788665771,246.47391952309985
2465,2730,41346,41346,0.0001657009124755,237.96258992805755
2473,2740,41346,41346,0.0001578330993652,249.82477341389728
2475,2750,41346,38596,0.0001552104949951,237.1490015360983
2482,2760,41346,41346,0.000150442123413,262.0982567353407
2489,2770,41346,36010,0.0001654624938964,207.55043227665703
2491,2780,41346,41346,0.0001666545867919,236.60085836909872
2499,2790,41346,41346,0.000159740447998,246.84179104477613
2502,2800,41346,41346,0.0001518726348876,259.62951334379903
2507,2810,41346,41346,0.0001533031463623,257.20684292379474
2510,2820,41346,25380,0.0001673698425292,144.6153846153846
2515,2830,41346,41346,0.0001528263092041,258.009360374415
2520,2840,41346,41346,0.0001542568206787,255.61669242658425
2525,2850,41346,38496,0.000150442123413,244.03169572107765
2531,2860,41346,41346,0.0001552104949951,254.04608294930875
2539,2870,41346,41346,0.0001590251922607,247.952023988006
2544,2880,41346,41346,0.0001592636108398,247.5808383233533
2547,2890,41346,41346,0.0002048015594482,192.53084982537837
2553,2900,41346,29746,0.0001616477966308,175.49262536873155
2558,2910,41346,40740,0.0001792907714843,216.70212765957447
2561,2920,41346,41346,0.0001962184906005,200.95261239368165
2566,2930,41346,41346,0.0001611709594726,244.6508875739645
2573,2940,41346,38406,0.0002269744873046,161.36974789915968
2577,2950,41346,29546,0.0001618862152099,174.0559646539028
2580,2960,41346,41346,0.0001535415649414,256.8074534161491
2588,2970,41346,41346,0.0001685619354248,233.92362093352196
2594,2980,41346,38740,0.0001654624938964,223.28530259365996
2596,2990,41346,41346,0.0001623630523681,242.8546255506608
2600,3000,41346,41346,0.0001540184020996,256.0123839009288
2607,3010,41346,41346,0.0002205371856689,178.79351351351352
2613,3020,41346,41346,0.000169038772583,233.2637517630465
2618,3030,41346,36360,0.0001585483551025,218.70676691729324
2621,3040,41346,36480,0.0001852512359619,187.7992277992278
2627,3050,41346,41346,0.0001850128173828,213.1237113402062
2633,3060,41346,33660,0.0001640319824218,195.69767441860463
2639,3070,41346,41346,0.0001707077026367,230.9832402234637
2640,3080,41346,38266,0.0002374649047851,153.67871485943775
2645,3090,41346,41346,0.0002074241638183,190.09655172413792
2653,3100,41346,41346,0.0001590251922607,247.952023988006
2656,3110,41346,41346,0.0001547336578369,254.82896764252695
2659,3120,41346,41346,0.0001728534698486,228.11586206896555
2667,3130,41346,41346,0.0001516342163085,260.0377358490566
2670,3140,41346,31926,0.0001583099365234,192.32530120481928
2674,3150,41346,41346,0.0001535415649414,256.8074534161491
2682,3160,41346,41346,0.0001599788665771,246.47391952309985
2685,3170,41346,38176,0.000197410583496,184.42512077294683
2690,3180,41346,41346,0.0002014636993408,195.7207100591716
2694,3190,41346,38280,0.0001797676086425,203.07692307692307
2702,3200,41346,32000,0.0001513957977294,201.5748031496063
2705,3210,41346,38520,0.0002202987670898,166.75324675324674
2712,3220,41346,41346,0.000162124633789,243.2117647058824
2715,3230,41346,41346,0.0001556873321533,253.2679938744257
2720,3240,41346,41346,0.0001468658447265,268.4805194805195
2725,3250,41346,41346,0.0001535415649414,256.8074534161491
2733,3260,41346,32600,0.0001540184020996,201.85758513931887
2736,3270,41346,41346,0.000159740447998,246.84179104477613
2741,3280,41346,41346,0.0001578330993652,249.82477341389728
2748,3290,41346,41346,0.0001513957977294,260.4472440944882
2749,3300,41346,41346,0.0001494884490966,263.77033492822966
2757,3310,41346,41346,0.0001552104949951,254.04608294930875
2762,3320,41346,41346,0.0001699924468994,231.95511921458623
2765,3330,41346,41346,0.0001764297485351,223.4918918918919
2768,3340,41346,41346,0.0001671314239501,235.92582025677603
2774,3350,41346,41346,0.0001604557037353,245.74145616641903
2780,3360,41346,41346,0.0001671314239501,235.92582025677603
2783,3370,41346,37976,0.0002369880676269,152.8209255533199
2790,3380,41346,41346,0.0001628398895263,242.14348462664717
2793,3390,41346,37956,0.0001490116119384,242.9184
2799,3400,41346,41346,0.0001482963562011,265.8906752411576
2805,3410,41346,34526,0.0001497268676757,219.9108280254777
2811,3420,41346,41346,0.0001733303070068,227.48830811554333
2813,3430,41346,31056,0.0002048015594482,144.61466821885915
2818,3440,41346,31026,0.0001459121704101,202.7843137254902
2825,3450,41346,37950,0.000152587890625,237.1875
2829,3460,41346,27680,0.0001647472381591,160.2315484804631
2835,3470,41346,38170,0.0001866817474365,194.99361430395916
2840,3480,41346,41346,0.0001533031463623,257.20684292379474
2843,3490,41346,41346,0.0001595020294189,247.21076233183857
2846,3500,41346,41346,0.0001509189605712,261.2701421800948
2851,3510,41346,41346,0.000159740447998,246.84179104477613
2860,3520,41346,41346,0.0001499652862548,262.9316375198728
2865,3530,41346,41346,0.0001659393310546,237.6206896551724
2868,3540,41346,41346,0.0001728534698486,228.11586206896555
2875,3550,41346,41346,0.0001664161682128,236.93982808022923
2876,3560,41346,35600,0.0001673698425292,202.8490028490029
2883,3570,41346,41346,0.0001528263092041,258.009360374415
2889,3580,41346,28640,0.0001542568206787,177.06336939721794
2895,3590,41346,32310,0.0001499652862548,205.4689984101749
2897,3600,41346,39600,0.0001726150512695,218.78453038674036
2904,3610,41346,41346,0.0001635551452636,241.08454810495627
2910,3620,41346,41346,0.0001626014709472,242.49853372434015
2914,3630,41346,30456,0.0001497268676757,193.9872611464968
2916,3640,41346,41346,0.0001556873321533,253.2679938744257
2924,3650,41346,34046,0.0001509189605712,215.14060031595577
2929,3660,41346,41346,0.0002152919769287,183.1495016611296
2931,3670,41346,41346,0.0001544952392578,255.22222222222223
2939,3680,41346,41346,0.0001699924468994,231.95511921458623
2941,3690,41346,41346,0.0001471042633056,268.04538087520257
2946,3700,41346,37646,0.0001471042633056,244.0583468395462
2953,3710,41346,41346,0.000173807144165,226.8641975308642
2959,3720,41346,41346,0.0001826286315917,215.9060052219321
2965,3730,41346,41346,0.0001609325408935,245.0133333333333
2969,3740,41346,41346,0.0001561641693115,252.4946564885496
2974,3750,41346,41346,0.0001587867736816,248.32432432432432
2978,3760,41346,41346,0.0001530647277832,257.60747663551405
2981,3770,41346,41346,0.0001585483551025,248.69774436090225
2986,3780,41346,37800,0.0001559257507324,231.19266055045875
2993,3790,41346,37900,0.0001537799835205,235.03875968992247
2998,3800,41346,30400,0.0001490116119384,194.56
3003,3810,41346,41346,0.0001659393310546,237.6206896551724
3009,3820,41346,22920,0.0001528263092041,143.02652106084244
3012,3830,41346,41346,0.0001485347747802,265.46388443017656
3020,3840,41346,41346,0.0001516342163085,260.0377358490566
3025,3850,41346,41346,0.0001604557037353,245.74145616641903
3027,3860,41346,41346,0.0001499652862548,262.9316375198728
3031,3870,41346,41346,0.000169038772583,233.2637517630465
3039,3880,41346,41346,0.0001485347747802,265.46388443017656
3045,3890,41346,41346,0.0001819133758544,216.7549148099607
3046,3900,41346,27300,0.0001430511474609,182.0
3052,3910,41346,41346,0.0002205371856689,178.79351351351352
3058,3920,41346,41346,0.0001928806304931,204.4301606922126
3062,3930,41346,41346,0.0001509189605712,261.2701421800948
3069,3940,41346,41346,0.0001554489135742,253.6564417177914
3072,3950,41346,41346,0.0001494884490966,263.77033492822966
3076,3960,41346,41346,0.0001475811004638,267.1793214862682
3081,3970,41346,35730,0.0001587867736816,214.59459459459455
3090,3980,41346,31840,0.0001556873321533,195.03828483920367
3092,3990,41346,41346,0.0001685619354248,233.92362093352196
3099,4000,41346,41346,0.0001394748687744,282.7076923076923
3103,4010,41346,41346,0.0001511573791503,260.85804416403784
3106,4020,41346,37326,0.0002374649047851,149.90361445783134
3114,4030,41346,41346,0.0001459121704101,270.2352941176471
3117,4040,41346,33266,0.00016450881958,192.8463768115942
3123,4050,41346,41346,0.0001876354217529,210.14485387547649
3126,4060,41346,41346,0.0001399517059326,281.7444633730835
3132,4070,41346,41346,0.0001749992370605,225.31880108991825
3139,4080,41346,37266,0.0001571178436279,226.19726858877087
3141,4090,41346,33166,0.0001494884490966,211.585326953748
3150,4100,41346,41346,0.0001478195190429,266.7483870967742
3152,4110,41346,41346,0.000148057937622,266.3188405797101
3157,4120,41346,33106,0.0001552104949951,203.4162826420891
3164,4130,41346,41346,0.0001657009124755,237.96258992805755
3170,4140,41346,37260,0.0001492500305175,238.08306709265176
3174,4150,41346,37350,0.0001502037048339,237.14285714285717
3176,4160,41346,41346,0.0001637935638427,240.73362445414847
3183,4170,41346,41346,0.0001606941223144,245.37685459940653
3189,4180,41346,41346,0.0001451969146728,271.5665024630542
3193,4190,41346,41346,0.0001587867736816,248.32432432432432
3200,4200,41346,41346,0.0001630783081054,241.7894736842105
3204,4210,41346,41346,0.0001542568206787,255.61669242658425
3206,4220,41346,41346,0.0001521110534667,259.22257053291537
3211,4230,41346,41346,0.000176191329956,223.79431664411368
3218,4240,41346,41346,0.000206708908081,190.7543252595156
3224,4250,41346,29750,0.0001604557037353,176.82020802377414
3226,4260,41346,41346,0.0001423358917236,277.0251256281407
3235,4270,41346,25620,0.0001435279846191,170.2325581395349
3240,4280,41346,41346,0.0001461505889892,269.79445350734096
3242,4290,41346,30030,0.0001535415649414,186.5217391304348
3247,4300,41346,41346,0.0001423358917236,277.0251256281407
3251,4310,41346,34480,0.0001475811004638,222.81098546042003
3256,4320,41346,41346,0.0001850128173828,213.1237113402062
3262,4330,41346,41346,0.0001602172851562,246.1071428571429
3268,4340,41346,39060,0.0001502037048339,248.0
3273,4350,41346,41346,0.000145673751831,270.6775777414075
3277,4360,41346,41346,0.0001447200775146,272.4612850082372
3281,4370,41346,41346,0.0001423358917236,277.0251256281407
3288,4380,41346,41346,0.0001492500305175,264.1916932907348
3293,4390,41346,41346,0.0001447200775146,272.4612850082372
3296,4400,41346,35200,0.0001494884490966,224.56140350877192
3304,4410,41346,41346,0.0001544952392578,255.22222222222223
3310,4420,41346,41346,0.0001463890075683,269.35504885993487
3313,4430,41346,41346,0.0001513957977294,260.4472440944882
3318,4440,41346,26640,0.0001616477966308,157.16814159292036
3322,4450,41346,36896,0.000154972076416,227.0523076923077
3326,4460,41346,41346,0.0001466274261474,268.9170731707317
3333,4470,41346,41346,0.0001459121704101,270.2352941176471
3339,4480,41346,32386,0.0001664161682128,185.59312320916905
3344,4490,41346,36856,0.0001511573791503,232.52996845425864
3347,4500,41346,41346,0.0001647472381591,239.34008683068015
3351,4510,41346,41346,0.0001521110534667,259.22257053291537
3357,4520,41346,41346,0.0001773834228515,222.29032258064515
3364,4530,41346,41346,0.0001640319824218,240.38372093023256
3367,4540,41346,27726,0.0001585483551025,166.77293233082708
3371,4550,41346,36796,0.0001554489135742,225.7423312883436
3376,4560,41346,32226,0.0001561641693115,196.8
3385,4570,41346,36776,0.000152587890625,229.85
3389,4580,41346,41346,0.0001468658447265,268.4805194805195
3391,4590,41346,22986,0.000154972076416,141.4523076923077
3399,4600,41346,41346,0.0001416206359863,278.42424242424244
3404,4610,41346,41346,0.0001518726348876,259.62951334379903
3407,4620,41346,32340,0.0001540184020996,200.24767801857584
3414,4630,41346,41346,0.0001473426818847,267.6116504854369
3416,4640,41346,37120,0.0001704692840576,207.66433566433565
3421,4650,41346,23250,0.0001845359802246,120.15503875968992
3427,4660,41346,32620,0.0001666545867919,186.66666666666663
3433,4670,41346,28020,0.0001559257507324,171.37614678899084
3440,4680,41346,41346,0.0001788139343261,220.512
3441,4690,41346,32830,0.0002038478851318,153.5906432748538
3450,4700,41346,41346,0.0002315044403076,170.3233779608651
3453,4710,41346,41346,0.00014328956604,275.18136439267886
3459,4720,41346,37760,0.0001497268676757,240.5095541401274
3463,4730,41346,28380,0.0001823902130126,148.3921568627451
3468,4740,41346,41346,0.0001561641693115,252.4946564885496
3472,4750,41346,33250,0.0001752376556396,180.95238095238096
3480,4760,41346,41346,0.0002672672271728,147.53256021409456
3481,4770,41346,41346,0.000148057937622,266.3188405797101
3490,4780,41346,38240,0.0001666545867919,218.826895565093
3491,4790,41346,41346,0.0001463890075683,269.35504885993487
3500,4800,41346,41346,0.0001602172851562,246.1071428571429
3504,4810,41346,41346,0.0001678466796875,234.92045454545453
3506,4820,41346,41346,0.0001564025878906,252.109756097561
3514,4830,41346,28980,0.0001482963562011,186.36655948553056
3519,4840,41346,41346,0.0001425743103027,276.561872909699
3523,4850,41346,38800,0.0001642704010009,225.25399129172715
3528,4860,41346,41346,0.0001523494720458,258.8169014084507
3532,4870,41346,41346,0.0001444816589355,272.91089108910893
3540,4880,41346,41346,0.0001473426818847,267.6116504854369
3544,4890,41346,29340,0.0001542568206787,181.39103554868623
3550,4900,41346,41346,0.0002191066741943,179.9608269858542
3555,4910,41346,41346,0.0001471042633056,268.04538087520257
3557,4920,41346,34440,0.0001661777496337,197.64705882352945
3561,4930,41346,34510,0.0001440048217773,228.5430463576159
3570,4940,41346,41346,0.0002126693725585,185.4080717488789
3572,4950,41346,41346,0.0001449584960937,272.0131578947368
3578,4960,41346,41346,0.0001499652862548,262.9316375198728
3584,4970,41346,41346,0.0001463890075683,269.35504885993487
3586,4980,41346,41346,0.0001747608184814,225.6261937244202
3591,4990,41346,41346,0.0001509189605712,261.2701421800948
3597,5000,41346,41346,0.0001699924468994,231.95511921458623
3601,5010,41346,41346,0.0001909732818603,206.47191011235955
3607,5020,41346,41346,0.0001671314239501,235.92582025677603
3615,5030,41346,41346,0.0001599788665771,246.47391952309985
3618,5040,41346,41346,0.0001790523529052,220.21837549933423
3625,5050,41346,41346,0.0001683235168457,234.2549575070821
3626,5060,41346,41346,0.0001518726348876,259.62951334379903
3635,5070,41346,31206,0.0001556873321533,191.15467075038285
3639,5080,41346,41346,0.0001502037048339,262.51428571428573
3642,5090,41346,31166,0.0001502037048339,197.87936507936507
3648,5100,41346,26046,0.0001428127288818,173.92988313856426
3655,5110,41346,41346,0.0001490116119384,264.6144
3658,5120,41346,36226,0.0001580715179443,218.5580693815988
3663,5130,41346,41346,0.0001757144927978,224.40162822252373
3669,5140,41346,36206,0.0001506805419921,229.1518987341772
3674,5150,41346,41346,0.0001990795135498,198.06467065868264
3676,5160,41346,41346,0.0001468658447265,268.4805194805195
3685,5170,41346,20680,0.0001461505889892,134.94290375203914
3688,5180,41346,41346,0.0001895427703857,208.03018867924527
3695,5190,41346,25950,0.0001513957977294,163.46456692913387
3698,5200,41346,36400,0.0001578330993652,219.93957703927487
3701,5210,41346,36470,0.0001585483551025,219.3684210526316
3709,5220,41346,41346,0.0001623630523681,242.8546255506608
3714,5230,41346,31380,0.0001375675201416,217.53899480069325
3718,5240,41346,36680,0.0001428127288818,244.9415692821369
3725,5250,41346,41346,0.0001544952392578,255.22222222222223
3726,5260,41346,36820,0.0001735687255859,202.30769230769232
3731,5270,41346,41346,0.0001397132873535,282.22525597269623
3738,5280,41346,41346,0.0001544952392578,255.22222222222223
3743,5290,41346,37030,0.0001411437988281,250.2027027027027
3749,5300,41346,31800,0.0001392364501953,217.8082191780822
3754,5310,41346,41346,0.0001437664031982,274.2686567164179
3760,5320,41346,37240,0.0001468658447265,241.8181818181818
3762,5330,41346,31980,0.0001857280731201,164.21052631578948
3769,5340,41346,41346,0.000150442123413,262.0982567353407
3772,5350,41346,41346,0.0001990795135498,198.06467065868264
3776,5360,41346,41346,0.0001697540283203,232.2808988764045
3784,5370,41346,37590,0.0001630783081054,219.8245614035088
3786,5380,41346,41346,0.0001449584960937,272.0131578947368
3794,5390,41346,41346,0.0001666545867919,236.60085836909872
3799,5400,41346,41346,0.0001881122589111,209.61216730038024
3804,5410,41346,41346,0.0001404285430908,280.78777589134125
3808,5420,41346,37940,0.0001528263092041,236.7550702028081
3813,5430,41346,41346,0.000166893005371,236.26285714285717
3816,5440,41346,32640,0.0001423358917236,218.69346733668343
3825,5450,41346,41346,0.0001592636108398,247.5808383233533
3828,5460,41346,32760,0.0001506805419921,207.34177215189877
3831,5470,41346,41346,0.0001449584960937,272.0131578947368
3840,5480,41346,32880,0.0001680850982666,186.5531914893617
3842,5490,41346,32940,0.0001473426818847,213.2038834951456
3849,5500,41346,38500,0.0001685619354248,217.82178217821783
3852,5510,41346,41346,0.0002086162567138,189.0102857142857
3857,5520,41346,41346,0.0001599788665771,246.47391952309985
3862,5530,41346,41346,0.0001602172851562,246.1071428571429
3869,5540,41346,41346,0.0001466274261474,268.9170731707317
3872,5550,41346,41346,0.0001442432403564,273.3619834710744
3876,5560,41346,41346,0.0001516342163085,260.0377358490566
3882,5570,41346,41346,0.0001740455627441,226.55342465753424
3890,5580,41346,33480,0.0001380443572998,231.2953367875648
3891,5590,41346,41346,0.0001490116119384,264.6144
3896,5600,41346,28000,0.0001416206359863,188.5521885521885
3901,5610,41346,33660,0.0001404285430908,228.590831918506
3910,5620,41346,41346,0.0001721382141113,229.06371191135733
3911,5630,41346,28150,0.0001430511474609,187.66666666666663
3919,5640,41346,33840,0.0001647472381591,195.89001447178003
3923,5650,41346,41346,0.0002064704895019,190.9745958429561
3928,5660,41346,41346,0.0001442432403564,273.3619834710744
3933,5670,41346,34020,0.0001802444458007,180.0
3940,5680,41346,41346,0.000157356262207,250.5818181818182
3941,5690,41346,41346,0.0001442432403564,273.3619834710744
3950,5700,41346,41346,0.0001604557037353,245.74145616641903
3952,5710,41346,41346,0.0001487731933593,265.03846153846155
3959,5720,41346,41346,0.0001757144927978,224.40162822252373
3964,5730,41346,41346,0.0001444816589355,272.91089108910893
3966,5740,41346,41346,0.0001420974731445,277.48993288590606
3972,5750,41346,35596,0.0001468658447265,231.14285714285717
3977,5760,41346,29826,0.0001454353332519,195.5803278688525
3984,5770,41346,41346,0.0001430511474609,275.64
3989,5780,41346,41346,0.0001475811004638,267.1793214862682
3994,5790,41346,35556,0.0001659393310546,204.3448275862069
3999,5800,41346,41346,0.000213623046875,184.58035714285717
4002,5810,41346,41346,0.0001502037048339,262.51428571428573
4006,5820,41346,41346,0.0001499652862548,262.9316375198728
4012,5830,41346,35516,0.0001676082611083,202.08250355618776
4019,5840,41346,35506,0.0001463890075683,231.30944625407167
4021,5850,41346,41346,0.0001449584960937,272.0131578947368
4029,5860,41346,41346,0.0001511573791503,260.85804416403784
4032,5870,41346,29606,0.0001492500305175,189.17571884984025
4039,5880,41346,35466,0.0001516342163085,223.0566037735849
4044,5890,41346,41346,0.0001475811004638,267.1793214862682
4048,5900,41346,41346,0.0001435279846191,274.7242524916944
4053,5910,41346,41346,0.0001561641693115,252.4946564885496
4054,5920,41346,41346,0.0001547336578369,254.82896764252695
4059,5930,41346,41346,0.000190258026123,207.24812030075188
4067,5940,41346,41346,0.0001435279846191,274.7242524916944
4071,5950,41346,41346,0.0001592636108398,247.5808383233533
4076,5960,41346,29800,0.0001506805419921,188.6075949367089
4082,5970,41346,41346,0.0001771450042724,222.58950201884247
4087,5980,41346,41346,0.0001611709594726,244.6508875739645
4091,5990,41346,29950,0.0001428127288818,200.0
4097,6000,41346,24000,0.0001494884490966,153.11004784688996
4099,6010,41346,36060,0.0001523494720458,225.7276995305164
4104,6020,41346,41346,0.0001575946807861,250.20272314674736
4109,6030,41346,41346,0.0001502037048339,262.51428571428573
4114,6040,41346,36240,0.0001435279846191,240.79734219269105
4122,6050,41346,41346,0.0001497268676757,263.3503184713376
4126,6060,41346,41346,0.0001618862152099,243.56995581737849
4132,6070,41346,41346,0.000145673751831,270.6775777414075
4135,6080,41346,30400,0.000140905380249,205.75296108291036
4139,6090,41346,41346,0.0001540184020996,256.0123839009288
4147,6100,41346,41346,0.0001521110534667,259.22257053291537
4151,6110,41346,36660,0.0001451969146728,240.78817733990147
4156,6120,41346,41346,0.0002150535583496,183.35254988913525
4160,6130,41346,41346,0.0002088546752929,188.7945205479452
4167,6140,41346,36840,0.0001468658447265,239.2207792207792
4170,6150,41346,24600,0.0001461505889892,160.5220228384992
4176,6160,41346,41346,0.0001554489135742,253.6564417177914
4182,6170,41346,41346,0.0001838207244873,214.5058365758755
4186,6180,41346,41346,0.0001542568206787,255.61669242658425
4191,6190,41346,41346,0.0002105236053466,187.2978482446206
4194,6200,41346,37200,0.0001428127288818,248.41402337228715
4202,6210,41346,41346,0.000180959701538,217.89723320158103
4204,6220,41346,41346,0.0001442432403564,273.3619834710744
4211,6230,41346,41346,0.0001606941223144,245.37685459940653
4213,6240,41346,41346,0.0001535415649414,256.8074534161491
4221,6250,41346,37500,0.0001423358917236,251.2562814070352
4226,6260,41346,41346,0.0001547336578369,254.82896764252695
4232,6270,41346,31350,0.000152587890625,195.9375
4234,6280,41346,41346,0.0002145767211914,183.76
4239,6290,41346,41346,0.0001430511474609,275.64
4244,6300,41346,41346,0.0001382827758789,285.1448275862069
4248,6310,41346,41346,0.0001423358917236,277.0251256281407
4254,6320,41346,31600,0.0001404285430908,214.60101867572155
4262,6330,41346,41346,0.0001487731933593,265.03846153846155
4266,6340,41346,41346,0.000150442123413,262.0982567353407
4270,6350,41346,41346,0.000138521194458,284.6540447504303
4273,6360,41346,41346,0.0001482963562011,265.8906752411576
4281,6370,41346,41346,0.0001490116119384,264.6144
4287,6380,41346,41346,0.0001437664031982,274.2686567164179
4291,6390,41346,25560,0.000154972076416,157.2923076923077
4297,6400,41346,41346,0.0001671314239501,235.92582025677603
4299,6410,41346,41346,0.0001723766326904,228.746887966805
4306,6420,41346,41346,0.0001454353332519,271.1213114754098
4308,6430,41346,41346,0.0001842975616455,213.9508408796895
4313,6440,41346,41346,0.0001580715179443,249.44796380090497
4320,6450,41346,32250,0.0001418590545654,216.80672268907563
4325,6460,41346,41346,0.0001680850982666,234.5872340425532
4331,6470,41346,32350,0.0001413822174072,218.212478920742
4336,6480,41346,41346,0.0001442432403564,273.3619834710744
4342,6490,41346,41346,0.0001401901245117,281.265306122449
4345,6500,41346,32500,0.000171422958374,180.8066759388039
4350,6510,41346,41346,0.0001487731933593,265.03846153846155
4355,6520,41346,41346,0.000138521194458,284.6540447504303
4362,6530,41346,41346,0.0001618862152099,243.56995581737849
4363,6540,41346,41346,0.0001478195190429,266.7483870967742
4367,6540,41346,41346,0.0001478195190429,266.7483870967742
4370,6550,41346,41346,0.0001473426818847,267.6116504854369
4377,6560,41346,32800,0.0001454353332519,215.08196721311475
4380,6570,41346,32850,0.0001673698425292,187.1794871794872
4385,6580,41346,41346,0.0001492500305175,264.1916932907348
4388,6590,41346,41346,0.0001628398895263,242.14348462664717
4393,6600,41346,41346,0.0001478195190429,266.7483870967742
4397,6610,41346,41346,0.0001430511474609,275.64
4402,6620,41346,41346,0.0001857280731201,212.30295250320924
4409,6630,41346,41346,0.0001423358917236,277.0251256281407
4416,6640,41346,41346,0.000169038772583,233.2637517630465
4420,6650,41346,28046,0.0001716613769531,155.8111111111111
4424,6660,41346,41346,0.0001592636108398,247.5808383233533
4428,6670,41346,34676,0.0001401901245117,235.89115646258503
4434,6680,41346,34666,0.0001552104949951,213.00153609831028
4441,6690,41346,41346,0.0001599788665771,246.47391952309985
4442,6700,41346,34646,0.0001654624938964,199.68876080691643
4450,6710,41346,41346,0.0001530647277832,257.60747663551405
4453,6720,41346,41346,0.0001506805419921,261.6835443037975
4459,6730,41346,34616,0.0001392364501953,237.0958904109589
4462,6740,41346,41346,0.0001628398895263,242.14348462664717
4468,6750,41346,34596,0.0001459121704101,226.11764705882356
4476,6760,41346,34586,0.0001754760742187,187.9673913043478
4480,6770,41346,41346,0.0001509189605712,261.2701421800948
4486,6780,41346,34566,0.0001394748687744,236.348717948718
4489,6790,41346,41346,0.0001814365386962,217.3245729303548
4496,6800,41346,41346,0.0001401901245117,281.265306122449
4498,6810,41346,41346,0.0001718997955322,229.38141470180304
4504,6820,41346,41346,0.0001449584960937,272.0131578947368
4510,6830,41346,34516,0.0001430511474609,230.10666666666663
4514,6840,41346,41346,0.0001883506774902,209.346835443038
4519,6850,41346,20796,0.0001404285430908,141.22920203735146
4526,6860,41346,41346,0.0001876354217529,210.14485387547649
4531,6870,41346,34476,0.0001492500305175,220.29392971246008
4536,6880,41346,41346,0.0001566410064697,251.72602739726028
4540,6890,41346,27566,0.000140905380249,186.5719120135364
4544,6900,41346,27600,0.0001561641693115,168.54961832061068
4550,6910,41346,41346,0.0001564025878906,252.109756097561
4556,6920,41346,27680,0.0001451969146728,181.8062397372742
4559,6930,41346,41346,0.0001370906829833,287.62434782608693
4565,6940,41346,41346,0.0001530647277832,257.60747663551405
4569,6950,41346,34750,0.0001585483551025,209.02255639097743
4576,6960,41346,41346,0.0001509189605712,261.2701421800948
4580,6970,41346,41346,0.0001366138458251,288.6282722513089
4583,6980,41346,27920,0.0001876354217529,141.90597204574334
4588,6990,41346,41346,0.000197410583496,199.7391304347826
4593,7000,41346,41346,0.0001540184020996,256.0123839009288
4597,7010,41346,35050,0.000152587890625,219.0625
4605,7020,41346,41346,0.0001444816589355,272.91089108910893
4609,7030,41346,41346,0.0001971721649169,199.9806529625151
4612,7040,41346,41346,0.0001559257507324,252.88073394495413
4618,7050,41346,35250,0.0001361370086669,246.9352014010508
4625,7060,41346,41346,0.0001342296600341,293.75488454706925
4631,7070,41346,41346,0.0001628398895263,242.14348462664717
4633,7080,41346,41346,0.0001435279846191,274.7242524916944
4637,7090,41346,41346,0.0001320838928222,298.52707581227435
4643,7100,41346,41346,0.0001506805419921,261.6835443037975
4650,7110,41346,28440,0.000169038772583,160.45133991537378
4652,7120,41346,35600,0.0001683235168457,201.69971671388103
4660,7130,41346,28520,0.000159740447998,170.26865671641792
4662,7140,41346,28560,0.0001392364501953,195.6164383561644
4668,7150,41346,41346,0.0002036094665527,193.65807962529277
4676,7160,41346,35800,0.0001451969146728,235.13957307060755
4680,7170,41346,41346,0.0001380443572998,285.6373056994819
4685,7180,41346,41346,0.0001633167266845,241.43649635036496
4687,7190,41346,35950,0.0001451969146728,236.1247947454844
4695,7200,41346,41346,0.0001499652862548,262.9316375198728
4697,7210,41346,36050,0.0001466274261474,234.47154471544715
4705,7220,41346,41346,0.0001397132873535,282.22525597269623
4708,7230,41346,41346,0.000145673751831,270.6775777414075
4715,7240,41346,41346,0.0001506805419921,261.6835443037975
4720,7250,41346,29000,0.0001475811004638,187.3990306946688
4726,7260,41346,41346,0.0001699924468994,231.95511921458623
4730,7270,41346,41346,0.0001697540283203,232.2808988764045
4736,7280,41346,41346,0.0001473426818847,267.6116504854369
4741,7290,41346,41346,0.0001716613769531,229.7
4742,7300,41346,21900,0.0001800060272216,116.02649006622516
4747,7310,41346,41346,0.0001652240753173,238.64935064935065
4754,7320,41346,41346,0.0001561641693115,252.4946564885496
4758,7330,41346,41346,0.0001497268676757,263.3503184713376
4762,7340,41346,41346,0.00020432472229,192.98016336056008
4766,7350,41346,36750,0.0001850128173828,189.43298969072168
4772,7360,41346,41346,0.0001661777496337,237.27977044476327
4780,7370,41346,41346,0.0001466274261474,268.9170731707317
4783,7380,41346,22140,0.0001530647277832,137.94392523364485
4788,7390,41346,41346,0.0001478195190429,266.7483870967742
4794,7400,41346,41346,0.0001657009124755,237.96258992805755
4796,7410,41346,41346,0.000148057937622,266.3188405797101
4804,7420,41346,41346,0.000148057937622,266.3188405797101
4807,7430,41346,41346,0.00016450881958,239.68695652173912
4812,7440,41346,41346,0.0001485347747802,265.46388443017656
4820,7450,41346,41346,0.0001494884490966,263.77033492822966
4824,7460,41346,41346,0.0001468658447265,268.4805194805195
4827,7470,41346,41346,0.000140905380249,279.83756345177665
4832,7480,41346,41346,0.0002012252807617,195.95260663507108
4836,7490,41346,29960,0.0001463890075683,195.17915309446252
4843,7500,41346,41346,0.0001492500305175,264.1916932907348
4846,7510,41346,22530,0.0001461505889892,147.0146818923328
4850,7520,41346,41346,0.0001425743103027,276.561872909699
4857,7530,41346,30120,0.0001585483551025,181.17293233082708
4860,7540,41346,41346,0.0001451969146728,271.5665024630542
4865,7550,41346,41346,0.0001499652862548,262.9316375198728
4871,7560,41346,41346,0.0001413822174072,278.893760539629
4876,7570,41346,41346,0.0001437664031982,274.2686567164179
4881,7580,41346,41346,0.0001473426818847,267.6116504854369
4886,7590,41346,41346,0.0001468658447265,268.4805194805195
4889,7600,41346,41346,0.00014328956604,275.18136439267886
4898,7610,41346,41346,0.0001485347747802,265.46388443017656
4902,7620,41346,41346,0.0001370906829833,287.62434782608693
4908,7630,41346,41346,0.0001599788665771,246.47391952309985
4910,7640,41346,41346,0.0001375675201416,286.6273830155979
4918,7650,41346,41346,0.0001497268676757,263.3503184713376
4919,7660,41346,30640,0.0001544952392578,189.1358024691358
4924,7670,41346,38350,0.0001568794250488,233.1306990881459
4929,7680,41346,41346,0.000140905380249,279.83756345177665
4938,7690,41346,30760,0.0001451969146728,202.0361247947455
4943,7700,41346,30800,0.0001370906829833,214.2608695652174
4945,7710,41346,38550,0.0001473426818847,249.5145631067961
4950,7720,41346,41346,0.0001535415649414,256.8074534161491
4957,7730,41346,38650,0.0001759529113769,209.4850948509485
4963,7740,41346,38700,0.000148057937622,249.2753623188406
4968,7750,41346,41346,0.0001528263092041,258.009360374415
4970,7760,41346,41346,0.0001814365386962,217.3245729303548
4974,7770,41346,41346,0.0001370906829833,287.62434782608693
4980,7780,41346,31120,0.0001401901245117,211.70068027210883
4986,7790,41346,41346,0.0001611709594726,244.6508875739645
4990,7800,41346,41346,0.0001425743103027,276.561872909699
4997,7810,41346,31240,0.0001647472381591,180.83936324167877
5000,7820,41346,31280,0.0001420974731445,209.93288590604027
5007,7830,41346,31320,0.0001521110534667,196.3636363636364
5012,7840,41346,23520,0.0001389980316162,161.37221269296742
5014,7850,41346,31400,0.0001418590545654,211.0924369747899
5020,7860,41346,23580,0.0001430511474609,157.2
5025,7870,41346,41346,0.000138521194458,284.6540447504303
5031,7880,41346,41346,0.0001425743103027,276.561872909699
5036,7890,41346,41346,0.000152587890625,258.4125
5043,7900,41346,41346,0.0001404285430908,280.78777589134125
5046,7910,41346,41346,0.0001401901245117,281.265306122449
5051,7920,41346,41346,0.0001349449157714,292.19787985865725
5056,7930,41346,31720,0.0001611709594726,187.69230769230768
5061,7940,41346,41346,0.0001616477966308,243.92920353982305
5068,7950,41346,31800,0.0001559257507324,194.4954128440367
5071,7960,41346,41346,0.0001387596130371,284.16494845360825
5078,7970,41346,31880,0.0001492500305175,203.70607028753997
5081,7980,41346,33366,0.0001437664031982,221.33333333333331
5084,7990,41346,41346,0.0001530647277832,257.60747663551405
5090,8000,41346,41346,0.0001647472381591,239.34008683068015
5093,8010,41346,33336,0.0001509189605712,210.65402843601896
5100,8020,41346,41346,0.0001554489135742,253.6564417177914
5107,8030,41346,33316,0.0001404285430908,226.2546689303905
5109,8040,41346,41346,0.0001406669616699,280.31186440677965
5114,8050,41346,41346,0.0001718997955322,229.38141470180304
5122,8060,41346,41346,0.0001540184020996,256.0123839009288
5124,8070,41346,41346,0.0001702308654785,231.63025210084032
5127,8070,41346,41346,0.0001702308654785,231.63025210084032
5131,8080,41346,41346,0.000138521194458,284.6540447504303
5134,8090,41346,41346,0.0001993179321289,197.82775119617224
5141,8100,41346,41346,0.0001382827758789,285.1448275862069
5144,8110,41346,41346,0.0001873970031738,210.412213740458
5149,8120,41346,41346,0.0001506805419921,261.6835443037975
5157,8130,41346,41346,0.0001451969146728,271.5665024630542
5159,8140,41346,33206,0.000148057937622,213.88727858293075
5167,8150,41346,41346,0.0001513957977294,260.4472440944882
5168,8160,41346,33186,0.0001547336578369,204.5362095531587
5174,8170,41346,41346,0.00016450881958,239.68695652173912
5180,8180,41346,33166,0.0001428127288818,221.47579298831383
5186,8190,41346,41346,0.0001590251922607,247.952023988006
5188,8200,41346,33146,0.0001416206359863,223.2053872053872
5194,8210,41346,33136,0.000150442123413,210.053882725832
5199,8220,41346,41346,0.0001957416534423,201.442143727162
5205,8230,41346,41346,0.000157356262207,250.5818181818182
5212,8240,41346,41346,0.0001783370971679,221.1016042780749
5213,8250,41346,24846,0.0002212524414062,107.09482758620688
5218,8260,41346,41346,0.000138521194458,284.6540447504303
5223,8270,41346,41346,0.0001492500305175,264.1916932907348
5229,8280,41346,33120,0.0001461505889892,216.1174551386623
5233,8290,41346,33160,0.0001389980316162,227.51286449399657
5240,8300,41346,41346,0.0001392364501953,283.1917808219178
5243,8310,41346,33240,0.0001461505889892,216.9004893964111
5250,8320,41346,41346,0.0001311302185058,300.6981818181818
5254,8330,41346,41346,0.0001330375671386,296.38709677419354
5259,8340,41346,33360,0.0001358985900878,234.10526315789477
5264,8350,41346,41346,0.0001258850097656,313.22727272727275
5268,8360,41346,41346,0.0001440048217773,273.81456953642385
5272,8370,41346,33480,0.0001394748687744,228.92307692307693
5279,8380,41346,41346,0.0001435279846191,274.7242524916944
5283,8390,41346,33560,0.0001680850982666,190.4113475177305
5287,8400,41346,33600,0.0001494884490966,214.35406698564597
5294,8410,41346,41346,0.0001580715179443,249.44796380090497
5299,8420,41346,41346,0.0001361370086669,289.63922942206653
5303,8430,41346,41346,0.0001416206359863,278.42424242424244
5306,8440,41346,41346,0.0001583099365234,249.0722891566265
5312,8450,41346,25350,0.0001502037048339,160.95238095238096
5316,8460,41346,41346,0.00016450881958,239.68695652173912
5322,8470,41346,25410,0.0001425743103027,169.9665551839465
5330,8480,41346,25440,0.0001475811004638,164.3941841680129
5334,8490,41346,25470,0.0001547336578369,156.979969183359
5340,8500,41346,41346,0.0001351833343505,291.6825396825397
5342,8510,41346,34040,0.0001430511474609,226.9333333333333
5347,8520,41346,41346,0.000124454498291,316.82758620689657
5352,8530,41346,34120,0.0001497268676757,217.3248407643312
5356,8540,41346,41346,0.0001285076141357,306.834879406308
5364,8550,41346,41346,0.0001273155212402,309.70786516853934
5366,8560,41346,41346,0.0001296997070312,304.0147058823529
5370,8570,41346,41346,0.0001332759857177,295.8568872987478
5377,8580,41346,41346,0.0001571178436279,250.96206373292867
5382,8590,41346,34360,0.000150442123413,217.81299524564184
5387,8600,41346,34400,0.0001454353332519,225.5737704918033
5390,8610,41346,41346,0.000166893005371,236.26285714285717
5399,8620,41346,41346,0.0001380443572998,285.6373056994819
5402,8630,41346,41346,0.0001320838928222,298.52707581227435
5407,8640,41346,41346,0.0001611709594726,244.6508875739645
5411,8650,41346,41346,0.0001490116119384,264.6144
5415,8660,41346,41346,0.0001411437988281,279.36486486486484
5424,8670,41346,41346,0.0001466274261474,268.9170731707317
5426,8680,41346,34720,0.0001492500305175,221.85303514377
5431,8690,41346,41346,0.0001540184020996,256.0123839009288
5437,8700,41346,41346,0.0001797676086425,219.342175066313
5444,8710,41346,34840,0.0001368522644042,242.78745644599303
5448,8720,41346,26160,0.0001575946807861,158.30559757942513
5450,8730,41346,41346,0.0001535415649414,256.8074534161491
5456,8740,41346,34960,0.0003015995025634,110.54545454545456
5460,8750,41346,41346,0.0001544952392578,255.22222222222223
5466,8760,41346,35040,0.0001833438873291,182.26267880364108
5473,8770,41346,35080,0.0001580715179443,211.6440422322775
5478,8780,41346,41346,0.0001833438873291,215.06371911573476
5482,8790,41346,41346,0.0001559257507324,252.88073394495413
5486,8800,41346,35200,0.0001547336578369,216.94915254237287
5491,8810,41346,26430,0.0001614093780517,156.15952732644018
5499,8820,41346,35280,0.0001444816589355,232.87128712871288
5501,8830,41346,41346,0.0001692771911621,232.93521126760564
5508,8840,41346,41346,0.0001397132873535,282.22525597269623
5512,8850,41346,41346,0.0001513957977294,260.4472440944882
5517,8860,41346,41346,0.000166893005371,236.26285714285717
5523,8870,41346,41346,0.0001611709594726,244.6508875739645
5528,8880,41346,41346,0.0001533031463623,257.20684292379474
5534,8890,41346,41346,0.0001544952392578,255.22222222222223
5535,8900,41346,41346,0.0001442432403564,273.3619834710744
5542,8910,41346,35640,0.0001649856567382,206.01156069364163
5546,8920,41346,41346,0.0001513957977294,260.4472440944882
5550,8930,41346,35720,0.0001816749572753,187.50656167979
5557,8940,41346,41346,0.0001378059387207,286.13148788927333
5564,8950,41346,26850,0.0001590251922607,161.01949025487255
5569,8960,41346,35840,0.0001640319824218,208.3720930232558
5570,8970,41346,35880,0.0001392364501953,245.75342465753425
5577,8980,41346,41346,0.0001411437988281,279.36486486486484
5584,8990,41346,41346,0.0001666545867919,236.60085836909872
5585,9000,41346,41346,0.0001418590545654,277.9563025210084
5594,9010,41346,36000,0.0001766681671142,194.331983805668
5595,9020,41346,36000,0.0001397132873535,245.73378839590444
5601,9030,41346,27000,0.0001561641693115,164.8854961832061
5606,9040,41346,41346,0.0001592636108398,247.5808383233533
5611,9050,41346,41346,0.0001654624938964,238.3054755043228
5615,9060,41346,41346,0.0001978874206542,199.2578313253012
5621,9070,41346,27000,0.0001368522644042,188.1533101045296
5624,9080,41346,41346,0.0001907348632812,206.73
5631,9090,41346,41346,0.0001382827758789,285.1448275862069
5635,9100,41346,36000,0.0001502037048339,228.57142857142856
5641,9110,41346,41346,0.0001521110534667,259.22257053291537
5643,9120,41346,18000,0.0001428127288818,120.20033388981636
5651,9130,41346,41346,0.0001401901245117,281.265306122449
5656,9140,41346,27000,0.0001521110534667,169.27899686520377
5661,9150,41346,41346,0.0001471042633056,268.04538087520257
5667,9160,41346,41346,0.0001540184020996,256.0123839009288
5671,9170,41346,36000,0.0001430511474609,240.0
5677,9180,41346,27000,0.0001547336578369,166.40986132511557
5682,9190,41346,41346,0.000138521194458,284.6540447504303
5686,9200,41346,27000,0.0001382827758789,186.20689655172413
5690,9210,41346,41346,0.0001783370971679,221.1016042780749
5695,9220,41346,41346,0.0001418590545654,277.9563025210084
5698,9230,41346,41346,0.00014328956604,275.18136439267886
5706,9240,41346,41346,0.0002033710479736,193.88511137162956
5710,9250,41346,41346,0.0001482963562011,265.8906752411576
5717,9260,41346,36000,0.0001425743103027,240.80267558528428
5721,9270,41346,41346,0.0001564025878906,252.109756097561
5724,9280,41346,36000,0.0001485347747802,231.13964686998395
5730,9290,41346,41346,0.0001392364501953,283.1917808219178
5737,9300,41346,27000,0.0001981258392333,129.9638989169675
5741,9310,41346,27000,0.0001418590545654,181.5126050420168
5744,9320,41346,27000,0.0001358985900878,189.47368421052636
5750,9330,41346,41346,0.0001478195190429,266.7483870967742
5753,9340,41346,41346,0.0001361370086669,289.63922942206653
5758,9350,41346,41346,0.0001461505889892,269.79445350734096
5765,9360,41346,36000,0.0001442432403564,238.01652892561984
5768,9370,41346,41346,0.0001742839813232,226.2435020519836
5773,9380,41346,41346,0.0001430511474609,275.64
5780,9390,41346,41346,0.0001513957977294,260.4472440944882
5787,9400,41346,41346,0.0001561641693115,252.4946564885496
5791,9410,41346,41346,0.0001630783081054,241.7894736842105
5797,9420,41346,41346,0.0001997947692871,197.35560859188544
5798,9430,41346,41346,0.00014328956604,275.18136439267886
5805,9440,41346,36000,0.0001442432403564,238.01652892561984
5811,9450,41346,41346,0.0001375675201416,286.6273830155979
5815,9460,41346,41346,0.0001900196075439,207.50815558343788
5820,9470,41346,41346,0.0001454353332519,271.1213114754098
5827,9480,41346,41346,0.0001595020294189,247.21076233183857
5831,9490,41346,41346,0.0001919269561767,205.44596273291924
5835,9500,41346,27000,0.000140905380249,182.74111675126903
5839,9510,41346,36000,0.0001454353332519,236.0655737704918
5843,9520,41346,36000,0.0001571178436279,218.51289833080423
5849,9530,41346,36000,0.0002243518829345,153.02869287991498
5854,9540,41346,27000,0.0001568794250488,164.1337386018237
5862,9550,41346,41346,0.0001523494720458,258.8169014084507
5863,9560,41346,18000,0.0001463890075683,117.26384364820846
5872,9570,41346,41346,0.0001509189605712,261.2701421800948
5874,9580,41346,36000,0.0001420974731445,241.6107382550336
5879,9590,41346,41346,0.0001692771911621,232.93521126760564
5884,9600,41346,41346,0.0001683235168457,234.2549575070821
5892,9610,41346,41346,0.000197410583496,199.7391304347826
5897,9620,41346,18000,0.0001366138458251,125.6544502617801
5902,9630,41346,27000,0.0001478195190429,174.19354838709677
5903,9640,41346,41346,0.0001404285430908,280.78777589134125
5911,9650,41346,41346,0.0001566410064697,251.72602739726028
5914,9660,41346,41346,0.0001745223999023,225.9344262295082
5922,9670,41346,41346,0.0001566410064697,251.72602739726028
5927,9680,41346,41346,0.0001556873321533,253.2679938744257
5931,9690,41346,36000,0.0001554489135742,220.85889570552143
5934,9700,41346,41346,0.0001635551452636,241.08454810495627
5938,9710,41346,41346,0.0001521110534667,259.22257053291537
5945,9720,41346,41346,0.00016450881958,239.68695652173912
5951,9730,41346,27000,0.0001454353332519,177.04918032786884
5953,9740,41346,27000,0.0001521110534667,169.27899686520377
5962,9750,41346,41346,0.0001721382141113,229.06371191135733
5967,9760,41346,18000,0.0001344680786132,127.65957446808513
5971,9770,41346,41346,0.0001378059387207,286.13148788927333
5977,9780,41346,41346,0.0001788139343261,220.512
5981,9790,41346,41346,0.0001392364501953,283.1917808219178
5983,9800,41346,41346,0.0002021789550781,195.0283018867925
5988,9810,41346,27000,0.000138521194458,185.88640275387263
5993,9820,41346,36000,0.0001473426818847,233.0097087378641
5999,9830,41346,41346,0.0001499652862548,262.9316375198728
6004,9840,41346,41346,0.000145673751831,270.6775777414075
6012,9850,41346,41346,0.0001649856567382,238.9942196531792
6015,9860,41346,41346,0.0001509189605712,261.2701421800948
6020,9870,41346,41346,0.0001418590545654,277.9563025210084
6027,9880,41346,41346,0.0001628398895263,242.14348462664717
6031,9890,41346,41346,0.0001406669616699,280.31186440677965
6036,9900,41346,27000,0.000145673751831,176.75941080196398
6041,9910,41346,36000,0.0001528263092041,224.6489859594384
6043,9920,41346,41346,0.0001423358917236,277.0251256281407
6050,9930,41346,41346,0.0001468658447265,268.4805194805195
6057,9940,41346,36000,0.000148057937622,231.8840579710145
6061,9950,41346,41346,0.0001966953277587,200.46545454545452
6064,9960,41346,41346,0.0001537799835205,256.4093023255814
6072,9970,41346,41346,0.0001494884490966,263.77033492822966
6074,9980,41346,41346,0.0001883506774902,209.346835443038
